{"sane": true, "normalizes": true, "range": true, "log_prob": -6009.236375868624, "avg_log_prob": -12.018472751737248, "perplexity": 165789.26149070935}