{"sane": true, "normalizes": true, "range": true, "log_prob": -5438.755155538078, "avg_log_prob": -10.877510311076156, "perplexity": 52971.552919758804}