{"sane": true, "normalizes": true, "range": true, "log_prob": -4200.127358570797, "avg_log_prob": -8.400254717141594, "perplexity": 4448.199636107233}